Graph, True,ExpertA,ExpertB,ExpertC,ExpertD,ExpertE,CDC,MachineL,Autocorrelation,Trend,Variability,PointsA,PointsB,EffectSize
1,1,1,0,0,0,0,0,0,0.2,0,0.25,3,5,3
2,1,0,0,0,0,0,0,1,0,0,0.1,3,10,4
3,1,1,1,1,1,1,1,1,0.2,0,0.25,5,10,4
4,1,0,0,0,0,0,0,1,0,0,0.1,3,5,2
5,1,1,0,0,0,1,1,1,0.2,0,0.1,5,5,5
6,1,1,1,1,1,1,1,1,0,30,0.25,3,5,5
7,1,0,0,0,0,0,0,0,0.2,30,0.1,3,5,1
8,1,1,1,1,1,1,1,1,0.2,30,0.1,5,10,4
9,0,0,0,0,0,0,0,0,0,0,0.25,5,10,0
10,0,0,0,0,0,0,0,0,0,0,0.1,3,5,0
11,1,1,0,1,1,1,1,1,0.2,30,0.25,3,10,4
12,0,0,0,0,0,0,0,0,0.2,0,0.1,5,10,0
13,1,1,1,1,1,1,1,1,0.2,0,0.25,5,5,4
14,1,1,1,0,1,1,1,1,0.2,0,0.1,5,10,4
15,1,1,1,0,1,0,0,1,0,0,0.25,5,10,4
16,1,0,0,0,0,0,0,0,0.2,0,0.25,5,5,1
17,1,1,0,0,1,1,0,1,0.2,30,0.1,5,10,3
18,1,1,1,1,1,1,1,1,0,30,0.1,5,5,4
19,1,1,1,1,1,1,1,1,0,30,0.25,5,5,4
20,1,1,1,1,1,1,1,1,0.2,30,0.25,3,10,3
21,1,1,1,0,0,0,0,1,0.2,30,0.25,5,10,2
22,0,0,0,0,0,0,0,0,0.2,30,0.25,5,5,0
23,1,1,1,0,1,1,1,1,0,0,0.25,3,10,5
24,0,0,0,0,0,0,0,0,0.2,0,0.25,3,5,0
25,0,0,0,0,0,0,0,0,0,0,0.1,3,5,0
26,1,1,1,0,1,1,1,1,0,0,0.25,3,10,4
27,1,1,1,1,1,1,1,1,0.2,30,0.25,3,5,5
28,0,0,0,0,0,0,0,0,0,0,0.25,5,5,0
29,0,1,1,1,1,1,1,0,0.2,30,0.25,3,10,0
30,0,1,1,1,1,1,1,0,0,30,0.25,3,5,0
31,0,1,0,0,0,0,0,0,0,30,0.25,5,10,0
32,1,1,0,1,1,0,1,0,0,30,0.25,3,10,2
33,1,1,0,0,0,0,0,0,0.2,30,0.25,3,5,1
34,1,1,1,1,1,1,1,1,0.2,30,0.1,5,10,2
35,1,1,0,0,1,1,1,1,0,30,0.25,5,5,2
36,1,1,0,1,1,1,1,1,0,0,0.1,5,5,5
37,1,1,1,1,1,1,1,1,0,0,0.25,3,10,4
38,0,0,0,0,0,0,0,0,0.2,0,0.1,3,10,0
39,1,1,1,0,0,0,0,1,0,30,0.1,5,10,3
40,0,1,0,0,1,0,0,0,0.2,30,0.25,3,5,0
41,0,0,0,0,0,0,0,0,0,0,0.1,5,10,0
42,1,1,0,0,1,1,1,1,0,0,0.1,3,10,4
43,1,1,0,0,0,0,0,1,0.2,0,0.25,3,10,4
44,1,1,1,1,1,1,1,1,0.2,0,0.1,5,5,5
45,1,1,1,1,1,1,1,1,0.2,30,0.25,5,10,4
46,0,0,0,0,0,0,0,0,0.2,0,0.1,3,5,0
47,1,0,0,0,0,0,0,0,0,0,0.25,3,5,1
48,1,1,1,0,1,1,1,1,0,30,0.1,3,5,4
49,1,1,0,0,0,0,0,1,0.2,0,0.1,3,10,4
50,1,0,0,0,0,0,1,0,0,0,0.1,5,10,1
51,0,0,0,0,0,0,0,0,0.2,30,0.25,5,5,0
52,1,1,0,0,0,0,1,0,0.2,30,0.1,5,5,1
53,1,1,0,0,0,1,1,1,0.2,30,0.1,5,10,5
54,1,0,0,0,0,0,0,0,0.2,30,0.1,3,5,1
55,1,1,1,1,1,1,1,1,0,0,0.25,5,10,5
56,0,0,0,0,0,0,0,0,0,0,0.1,5,5,0
57,1,1,1,1,1,1,1,1,0,30,0.1,3,5,3
58,1,1,1,1,1,1,1,1,0.2,0,0.25,5,5,4
59,1,1,0,1,1,1,1,1,0.2,30,0.1,3,5,4
60,1,1,0,0,0,0,1,1,0.2,30,0.1,3,5,5
61,0,0,0,0,0,0,0,0,0.2,0,0.25,3,10,0
62,1,1,1,1,1,1,1,1,0.2,0,0.1,3,10,5
63,1,1,1,1,1,1,1,1,0,30,0.25,5,10,4
64,1,0,0,0,0,0,1,0,0,0,0.1,3,10,1
65,1,1,0,0,0,0,1,0,0,30,0.1,3,5,2
66,1,0,0,0,0,0,1,1,0,0,0.1,3,10,2
67,0,1,0,0,0,0,0,1,0,30,0.25,3,10,0
68,1,1,0,0,1,0,0,1,0.2,30,0.25,3,10,3
69,0,0,0,0,0,0,0,0,0,30,0.25,3,5,0
70,0,1,0,0,1,0,0,0,0.2,30,0.25,5,5,0
71,1,1,1,1,1,1,1,0,0,30,0.25,3,10,1
72,0,1,0,0,0,0,0,0,0,30,0.25,3,5,0
73,0,0,0,0,0,0,0,0,0,0,0.25,3,10,0
74,1,1,1,1,1,1,1,1,0,30,0.1,3,5,5
75,1,1,1,1,1,1,1,1,0.2,0,0.25,5,10,5
76,1,1,0,0,1,0,1,0,0.2,30,0.25,3,5,3
77,0,0,0,0,0,0,0,0,0,0,0.1,5,10,0
78,1,0,0,0,0,0,0,0,0,0,0.1,3,10,1
79,1,0,0,0,0,1,1,1,0,0,0.1,5,10,2
80,1,1,1,0,1,1,1,1,0,30,0.25,3,5,5
81,0,0,0,0,0,0,0,0,0.2,0,0.1,3,5,0
82,1,1,1,1,1,1,1,1,0,30,0.25,3,10,4
83,1,1,0,0,1,0,1,1,0,0,0.25,5,10,2
84,1,1,1,1,1,1,1,1,0.2,0,0.1,3,10,5
85,1,1,0,0,1,0,0,1,0.2,30,0.25,3,10,5
86,1,1,1,0,1,1,0,0,0.2,0,0.25,5,5,2
87,1,1,0,0,0,0,0,0,0.2,30,0.1,5,10,1
88,1,1,0,1,1,1,1,1,0,0,0.25,3,5,5
89,1,1,0,0,0,0,0,0,0,30,0.1,3,10,2
90,0,0,0,0,0,0,0,0,0.2,0,0.25,3,5,0
91,1,1,0,0,1,1,0,1,0.2,30,0.25,5,5,1
92,0,0,0,0,0,0,0,0,0.2,0,0.1,3,5,0
93,1,0,0,0,0,0,0,1,0.2,0,0.1,5,5,2
94,1,1,1,1,1,1,1,1,0.2,30,0.25,5,10,3
95,1,1,0,0,0,1,1,1,0.2,0,0.1,5,5,1
96,1,1,1,1,1,1,1,1,0,30,0.1,3,5,5
97,1,1,1,1,1,1,1,1,0,0,0.25,3,10,3
98,1,1,0,1,1,0,0,1,0,0,0.1,5,5,4
99,1,1,0,0,0,0,1,0,0.2,30,0.25,5,10,1
100,1,1,0,0,0,1,1,1,0.2,30,0.25,3,10,3
101,1,1,0,0,1,1,1,0,0.2,30,0.1,3,5,2
102,1,0,0,0,0,0,0,0,0,0,0.25,3,10,1
103,0,0,0,0,0,0,0,0,0.2,0,0.1,5,10,0
104,0,0,0,0,0,0,0,0,0.2,0,0.25,5,5,0
105,0,0,0,0,0,0,0,0,0,30,0.25,5,5,0
106,1,1,1,0,1,1,1,1,0.2,30,0.25,5,5,2
107,1,1,0,1,1,0,0,0,0,30,0.25,5,10,1
108,0,0,0,0,0,0,0,0,0.2,30,0.25,5,5,0
109,0,0,0,0,0,0,0,0,0,0,0.25,5,5,0
110,1,0,0,0,0,0,0,1,0.2,0,0.1,5,10,1
111,1,1,0,0,1,1,1,1,0.2,0,0.1,5,10,3
112,1,1,1,1,1,1,1,1,0.2,30,0.1,5,5,3
113,1,1,0,1,1,1,1,1,0.2,30,0.25,3,10,4
114,1,1,0,0,1,0,0,1,0.2,0,0.25,3,5,5
115,1,1,1,1,1,1,1,1,0,30,0.1,3,10,5
116,0,1,0,0,0,0,0,0,0,30,0.25,5,5,0
117,0,1,0,0,0,0,1,0,0,30,0.1,5,10,0
118,1,1,1,1,1,1,1,0,0.2,30,0.1,5,5,1
119,0,1,0,0,0,0,0,0,0,30,0.25,5,10,0
120,1,1,1,1,1,1,1,1,0.2,30,0.1,5,5,4
121,0,0,0,0,0,0,0,0,0.2,30,0.1,5,5,0
122,1,1,0,1,0,0,0,0,0.2,30,0.25,5,10,3
123,1,1,0,1,1,1,1,1,0.2,0,0.25,5,5,5
124,1,1,0,0,0,0,0,1,0,30,0.25,3,5,4
125,1,1,1,1,1,1,1,1,0.2,0,0.25,5,5,5
126,1,1,0,0,0,1,1,1,0.2,0,0.1,5,5,2
127,0,0,0,0,0,0,0,0,0.2,0,0.25,5,5,0
128,0,0,0,0,0,0,0,0,0,0,0.25,3,5,0
129,0,0,0,0,0,0,0,0,0,0,0.25,3,10,0
130,0,1,0,0,0,0,0,0,0,30,0.1,3,5,0
131,1,1,1,1,1,1,1,1,0,30,0.25,5,10,3
132,0,0,0,0,0,0,0,0,0.2,0,0.1,3,10,0
133,1,1,1,1,1,1,1,1,0,30,0.1,5,10,5
134,0,1,0,0,0,0,0,0,0,0,0.25,3,5,0
135,1,1,0,0,0,0,0,0,0.2,30,0.1,3,5,3
136,1,1,0,0,0,0,0,1,0,30,0.25,3,10,3
137,1,1,1,1,1,1,1,1,0.2,30,0.25,3,5,5
138,0,1,0,0,0,0,0,0,0.2,30,0.1,5,5,0
139,1,1,1,1,1,1,1,0,0,30,0.25,3,10,1
140,1,1,0,0,0,1,1,1,0,0,0.1,5,5,2
141,1,0,0,0,0,0,0,1,0.2,0,0.1,3,10,1
142,1,1,1,1,1,1,1,1,0,30,0.1,3,10,4
143,0,1,0,0,0,0,0,0,0.2,30,0.1,5,10,0
144,1,0,0,0,0,0,0,0,0.2,30,0.1,3,5,1
145,1,0,0,0,0,0,0,0,0.2,0,0.25,3,10,1
146,0,0,0,0,0,0,0,0,0.2,0,0.1,5,5,0
147,1,1,1,1,1,1,1,1,0,30,0.25,5,5,3
148,1,1,1,1,1,1,1,1,0.2,30,0.25,3,10,4
149,0,1,0,1,0,0,0,0,0,30,0.1,3,5,0
150,1,1,0,0,1,1,1,1,0,0,0.1,3,10,4
151,0,1,0,0,0,0,0,0,0.2,0,0.1,3,5,0
152,1,1,1,1,1,1,1,1,0,0,0.25,5,5,4
153,0,0,0,0,0,0,0,0,0,0,0.1,5,5,0
154,0,0,0,0,0,0,0,0,0,0,0.25,3,5,0
155,0,1,0,0,0,0,0,0,0.2,30,0.25,3,5,0
156,1,1,0,0,0,1,0,0,0,0,0.25,3,10,1
157,1,1,1,1,1,1,1,1,0.2,30,0.25,3,5,4
158,1,1,0,0,1,0,1,1,0.2,30,0.1,5,10,4
159,1,0,0,0,0,0,1,0,0.2,0,0.1,5,10,2
160,0,1,0,0,0,0,0,0,0,0,0.25,3,10,0
161,0,0,0,0,0,0,0,0,0.2,0,0.25,5,5,0
162,1,1,0,0,1,0,0,1,0,0,0.25,5,10,4
163,1,1,1,1,1,1,1,1,0,30,0.25,5,5,1
164,1,1,1,1,1,1,1,1,0,30,0.1,5,10,3
165,0,1,0,0,1,0,0,0,0.2,30,0.25,5,5,0
166,0,1,0,0,0,0,0,0,0.2,30,0.25,3,10,0
167,1,1,0,0,0,0,0,0,0,30,0.1,3,5,1
168,0,1,0,0,0,0,0,0,0.2,30,0.1,5,5,0
169,0,0,0,0,0,0,0,0,0,0,0.1,3,10,0
170,0,1,1,0,0,1,1,1,0,30,0.1,5,10,0
171,0,0,0,0,0,0,0,0,0,0,0.1,3,10,0
172,0,0,0,0,0,0,0,0,0.2,0,0.25,5,10,0
173,1,1,1,0,1,1,1,1,0.2,0,0.1,3,5,5
174,0,1,1,0,0,1,1,0,0.2,30,0.1,5,10,0
175,0,1,0,0,0,0,0,0,0.2,0,0.25,5,5,0
176,0,1,1,0,1,1,1,1,0,30,0.1,3,10,0
177,1,1,0,0,1,1,1,1,0.2,0,0.25,5,5,2
178,0,0,0,0,0,0,0,0,0,0,0.1,3,5,0
179,0,1,0,0,0,0,0,0,0,30,0.1,5,10,0
180,0,1,0,0,0,0,0,0,0.2,30,0.1,3,10,0
181,1,1,1,1,1,0,1,1,0,30,0.1,3,5,5
182,0,1,1,1,1,1,1,0,0.2,30,0.25,5,10,0
183,1,1,1,1,1,1,1,1,0.2,0,0.25,3,10,5
184,0,1,1,0,1,0,1,0,0,30,0.1,5,5,0
185,0,0,0,0,0,0,0,0,0.2,0,0.25,5,10,0
186,1,1,1,1,1,1,1,1,0.2,30,0.1,3,10,4
187,0,1,0,0,0,1,1,1,0.2,0,0.1,3,10,0
188,1,1,1,1,1,1,1,1,0,30,0.25,3,10,5
189,0,1,0,0,1,0,0,0,0,30,0.25,3,5,0
190,1,1,0,1,1,1,1,0,0.2,30,0.25,3,10,2
191,1,1,1,0,1,1,1,1,0.2,0,0.1,5,5,4
192,1,1,1,0,1,1,1,1,0.2,30,0.1,5,10,3
193,1,1,1,0,1,1,1,1,0.2,30,0.25,5,10,3
194,1,1,1,1,1,1,1,1,0.2,30,0.25,5,5,5
195,1,1,0,0,0,0,1,1,0,0,0.25,3,10,2
196,1,1,0,0,0,0,0,1,0.2,0,0.1,5,10,4
197,1,1,0,0,0,0,1,0,0.2,30,0.1,5,5,2
198,0,1,0,0,0,0,0,0,0.2,30,0.25,3,10,0
199,0,1,1,0,1,0,1,0,0.2,30,0.25,3,10,0
200,1,1,0,0,0,0,0,0,0.2,30,0.1,3,5,2
201,1,1,1,0,1,1,1,1,0,0,0.25,3,5,3
202,0,0,0,0,0,0,0,0,0,0,0.1,3,5,0
203,1,1,0,0,0,0,0,0,0,0,0.1,5,5,1
204,0,0,0,0,0,0,0,0,0.2,0,0.1,3,5,0
205,0,0,0,0,0,0,0,0,0,0,0.25,5,5,0
206,1,1,0,1,1,1,1,0,0.2,30,0.25,5,10,2
207,1,1,1,1,1,1,1,1,0.2,30,0.1,3,10,4
208,0,0,0,0,0,0,0,0,0,0,0.1,5,5,0
209,0,0,0,0,0,0,0,0,0.2,0,0.25,3,10,0
210,0,0,0,0,0,0,0,0,0.2,0,0.25,5,5,0
211,1,1,1,1,1,1,1,1,0,0,0.1,3,5,4
212,1,1,1,0,1,1,1,0,0.2,30,0.1,3,5,3
213,1,1,0,0,0,0,0,0,0.2,30,0.25,3,5,3
214,1,1,1,1,1,1,1,0,0,30,0.25,3,10,2
215,0,1,0,0,0,0,0,0,0,30,0.1,5,5,0
216,1,1,1,1,1,1,1,1,0.2,30,0.25,3,5,1
217,1,1,1,0,1,1,1,1,0,0,0.25,3,10,5
218,1,1,0,0,1,1,1,1,0,0,0.1,3,5,2
219,0,0,0,0,0,0,0,0,0,30,0.1,3,5,0
220,1,1,0,0,0,0,0,0,0,0,0.1,3,10,3
221,1,1,0,1,1,1,1,1,0,30,0.25,5,10,5
222,1,1,0,1,1,0,1,1,0.2,30,0.1,3,10,5
223,1,1,1,1,1,0,0,1,0.2,0,0.1,5,10,4
224,1,1,1,1,1,1,1,1,0,0,0.25,5,10,4
225,1,1,0,0,0,0,0,0,0,30,0.1,5,10,2
226,1,0,0,0,0,0,0,0,0.2,0,0.1,3,10,1
227,1,1,1,0,1,1,1,1,0,30,0.1,5,10,4
228,1,1,0,0,1,0,0,0,0.2,30,0.25,5,10,1
229,0,0,0,0,0,0,0,0,0.2,0,0.25,5,10,0
230,0,1,1,1,1,1,1,1,0,30,0.25,3,10,0
231,1,1,1,0,1,0,0,1,0,0,0.25,5,5,1
232,1,1,0,0,0,0,1,0,0,0,0.25,3,5,2
233,0,1,0,0,0,0,0,0,0.2,30,0.25,3,5,0
234,1,1,1,0,1,1,1,1,0.2,0,0.1,5,10,5
235,0,0,0,0,0,0,0,0,0.2,0,0.1,5,5,0
236,0,1,0,0,1,1,1,1,0,30,0.1,5,5,0
237,1,1,1,1,1,1,1,1,0.2,30,0.1,3,5,5
238,1,1,1,1,1,1,1,1,0.2,0,0.25,3,10,4
239,0,0,0,0,0,0,0,0,0,0,0.25,3,5,0
240,0,0,0,0,0,0,0,0,0.2,0,0.1,5,5,0
241,0,0,0,0,0,0,0,0,0.2,30,0.25,3,5,0
242,0,1,0,0,0,0,0,0,0.2,30,0.1,5,5,0
243,1,0,0,0,0,0,0,0,0,0,0.1,5,10,2
244,0,0,0,0,0,0,0,0,0.2,0,0.1,5,10,0
245,1,1,1,0,1,1,1,1,0,30,0.1,5,10,5
246,1,1,1,1,1,1,1,1,0.2,30,0.1,5,5,3
247,1,1,1,1,1,1,1,1,0,0,0.1,5,5,2
248,0,1,1,0,1,1,1,0,0.2,30,0.1,5,10,0
249,0,0,0,0,0,0,0,0,0,0,0.1,5,5,0
250,0,1,0,0,0,0,0,0,0.2,0,0.25,5,10,0
251,1,1,1,1,1,1,1,1,0,0,0.25,3,5,5
252,0,0,0,0,0,0,0,0,0.2,0,0.1,3,10,0
253,1,1,1,0,1,0,0,1,0.2,0,0.25,3,10,2
254,0,1,0,0,0,0,0,0,0,30,0.1,5,10,0
255,1,1,0,0,0,0,1,0,0,0,0.1,5,5,4
256,1,1,0,1,1,0,0,1,0.2,30,0.25,5,10,5
257,1,1,0,0,0,0,0,0,0,0,0.25,5,5,3
258,1,1,1,1,1,1,1,1,0,0,0.1,5,10,4
259,1,1,1,1,1,1,1,0,0.2,30,0.25,3,10,1
260,1,1,1,0,1,0,1,1,0,0,0.1,5,10,3
261,0,1,0,0,0,0,0,0,0,30,0.1,5,5,0
262,0,1,0,0,1,0,1,0,0.2,30,0.1,3,5,0
263,1,1,0,0,1,0,0,1,0,30,0.25,5,10,2
264,1,1,0,0,0,0,1,0,0.2,30,0.1,5,10,2
265,1,1,0,0,0,0,0,1,0.2,0,0.1,3,10,5
266,0,0,0,0,0,0,0,0,0,0,0.25,5,10,0
267,1,1,1,1,1,1,1,1,0,30,0.25,3,10,5
268,1,1,1,1,1,0,0,1,0,0,0.25,3,5,5
269,1,1,1,1,1,1,1,1,0,30,0.25,5,5,2
270,1,0,0,0,0,0,0,1,0.2,0,0.25,5,10,2
271,1,1,0,0,1,1,1,1,0.2,30,0.1,5,5,4
272,1,1,0,0,1,1,1,1,0.2,0,0.1,3,5,4
273,1,0,0,0,0,0,0,0,0,0,0.25,3,5,1
274,0,0,0,0,0,0,0,0,0,30,0.1,5,5,0
275,0,0,0,0,0,0,0,0,0,0,0.25,3,5,0
276,1,0,0,0,0,0,1,0,0,0,0.25,5,10,2
277,1,0,0,0,0,0,0,0,0,0,0.1,5,5,1
278,1,1,0,1,1,1,1,1,0,30,0.25,3,10,3
279,0,1,0,0,1,0,0,0,0.2,30,0.25,3,10,0
280,1,1,0,0,0,0,1,0,0,30,0.1,5,5,2
281,1,1,0,0,1,1,1,1,0.2,30,0.25,5,10,5
282,0,1,0,0,0,0,0,0,0.2,0,0.25,3,5,0
283,1,1,0,0,0,0,0,0,0.2,0,0.1,3,5,3
284,1,1,1,1,1,0,0,1,0,0,0.25,3,10,3
285,1,1,0,1,1,1,1,1,0,30,0.1,3,10,4
286,1,1,0,0,0,0,0,1,0,0,0.1,5,10,5
287,0,1,1,0,1,1,1,1,0,30,0.25,5,5,0
288,1,1,1,1,1,1,1,1,0.2,0,0.1,3,10,4
289,0,0,0,0,0,0,0,0,0.2,0,0.1,3,5,0
290,0,0,0,0,0,0,0,0,0.2,0,0.1,5,10,0
291,1,1,0,0,0,0,0,0,0,0,0.1,3,10,2
292,1,1,0,0,0,0,0,0,0,0,0.25,3,5,4
293,0,0,0,0,0,0,0,0,0.2,30,0.1,5,5,0
294,1,1,1,1,1,0,0,1,0.2,30,0.25,3,10,4
295,0,0,0,0,0,0,0,0,0,0,0.25,3,10,0
296,0,0,0,0,0,0,0,0,0.2,0,0.25,3,10,0
297,1,0,0,0,0,0,0,1,0,0,0.1,3,5,3
298,0,1,0,0,0,0,0,0,0.2,30,0.1,3,10,0
299,1,1,0,0,0,1,1,1,0.2,30,0.1,3,5,2
300,1,1,0,0,0,0,0,0,0.2,0,0.1,5,5,2
301,0,0,0,0,0,0,0,0,0,0,0.25,5,5,0
302,1,0,0,0,0,0,0,0,0,30,0.1,5,5,1
303,1,1,1,1,1,1,1,1,0,30,0.25,3,10,2
304,1,0,0,0,0,0,0,0,0,0,0.25,3,10,1
305,0,0,0,0,0,0,0,0,0.2,0,0.25,3,10,0
306,0,1,0,0,1,0,0,0,0,30,0.25,3,10,0
307,0,0,0,0,0,0,0,0,0.2,30,0.1,3,10,0
308,1,0,0,0,0,0,0,0,0.2,0,0.25,3,10,2
309,0,0,0,0,0,0,0,0,0.2,0,0.1,5,10,0
310,0,1,1,1,1,1,1,1,0.2,30,0.25,5,5,0
311,0,1,1,1,1,1,1,0,0,30,0.1,3,10,0
312,1,1,1,1,1,0,0,1,0,30,0.1,5,5,4
313,1,1,1,1,1,1,1,1,0.2,0,0.1,3,5,5
314,1,1,1,1,1,1,1,1,0,0,0.25,3,10,2
315,1,1,1,0,1,1,1,1,0,30,0.1,3,10,3
316,1,1,1,1,1,1,1,1,0,30,0.25,3,5,3
317,1,1,0,0,0,0,0,0,0.2,30,0.25,5,10,1
318,1,0,0,0,0,0,0,1,0.2,0,0.1,3,5,2
319,1,1,1,1,1,0,1,1,0,30,0.25,3,5,2
320,1,1,0,0,0,0,1,0,0.2,0,0.25,5,5,2
321,1,1,1,1,1,1,1,1,0,30,0.25,5,5,5
322,1,0,0,0,0,1,1,1,0,0,0.1,5,5,2
323,1,1,0,0,1,1,1,1,0.2,0,0.1,5,10,5
324,0,0,0,0,0,0,0,0,0.2,0,0.25,3,10,0
325,1,0,0,0,0,0,0,1,0,0,0.1,5,10,2
326,1,1,1,1,1,1,1,1,0,30,0.25,3,5,4
327,1,0,0,0,0,0,0,0,0.2,0,0.1,3,5,2
328,0,1,0,0,0,0,0,0,0,30,0.25,3,10,0
329,1,1,1,0,1,1,1,1,0,30,0.1,5,5,1
330,1,1,1,1,1,1,1,1,0.2,0,0.25,5,10,3
331,1,0,0,0,0,1,1,1,0.2,0,0.1,5,5,2
332,0,0,0,0,0,0,0,0,0,30,0.25,3,5,0
333,1,1,1,1,1,1,1,1,0,30,0.25,3,10,4
334,1,1,0,0,1,1,1,1,0.2,0,0.1,5,5,3
335,1,1,1,1,1,1,1,1,0.2,0,0.1,3,10,4
336,0,0,0,0,0,0,0,0,0,30,0.25,3,5,0
337,0,1,0,0,0,0,0,0,0,30,0.25,5,10,0
338,1,1,0,0,1,1,1,0,0.2,30,0.1,3,10,3
339,1,1,0,0,0,1,1,0,0,30,0.1,3,10,1
340,1,1,0,0,0,1,1,0,0.2,30,0.1,3,5,3
341,1,1,0,0,0,0,1,0,0.2,0,0.25,5,5,3
342,1,1,1,1,1,1,1,1,0,30,0.1,3,10,3
343,1,1,1,1,1,1,1,1,0.2,30,0.1,5,10,4
344,1,1,1,0,1,0,1,1,0,30,0.1,5,5,1
345,1,1,1,0,0,0,0,1,0,30,0.1,3,10,2
346,1,1,0,0,1,0,1,1,0,30,0.1,5,10,1
347,1,0,0,0,0,0,0,0,0.2,0,0.25,5,10,1
348,1,1,0,0,1,1,1,0,0,30,0.1,5,10,1
349,1,1,0,0,1,0,0,1,0.2,30,0.1,5,5,2
350,0,1,0,0,1,0,1,0,0,30,0.1,5,10,0
351,1,1,1,1,1,0,0,1,0.2,0,0.25,3,10,5
352,0,0,0,0,0,0,0,0,0,0,0.1,3,5,0
353,0,0,0,0,0,0,0,0,0,0,0.1,5,10,0
354,1,1,1,1,1,1,1,1,0,0,0.1,5,10,5
355,1,1,0,0,1,0,0,1,0.2,30,0.25,5,10,1
356,0,1,0,0,0,0,0,0,0,30,0.1,3,10,0
357,1,1,1,1,1,1,1,1,0,30,0.25,5,10,2
358,1,0,0,0,0,0,0,0,0.2,0,0.25,3,5,1
359,0,1,1,1,1,1,1,1,0,30,0.25,3,5,0
360,1,1,0,0,0,0,1,0,0,30,0.25,5,10,2
361,1,1,1,1,1,1,1,1,0,30,0.25,5,10,4
362,1,1,1,1,1,1,1,1,0.2,30,0.25,5,10,4
363,1,1,0,1,1,1,1,1,0,0,0.1,5,5,3
364,0,1,0,0,0,1,1,0,0.2,30,0.1,5,10,0
365,0,0,0,0,0,0,0,0,0,0,0.25,5,10,0
366,0,0,0,0,0,0,1,0,0.2,0,0.1,3,10,0
367,1,1,0,0,0,0,0,1,0.2,30,0.1,3,10,2
368,1,1,1,1,1,1,1,1,0,30,0.1,3,5,4
369,1,0,0,0,0,0,1,1,0,0,0.1,5,5,1
370,0,1,0,0,0,1,1,0,0.2,0,0.25,5,10,0
371,1,0,0,0,0,0,0,0,0,0,0.25,5,5,2
372,1,1,1,1,1,1,1,1,0,30,0.25,5,5,5
373,0,0,0,0,0,0,0,0,0.2,0,0.25,3,10,0
374,1,1,1,1,1,1,1,1,0,30,0.25,5,5,2
375,1,1,1,1,1,1,1,1,0.2,30,0.25,5,10,5
376,1,1,1,0,1,1,1,1,0.2,0,0.25,3,5,2
377,1,1,1,1,1,1,1,1,0,0,0.1,5,5,3
378,1,1,0,0,1,0,0,1,0,30,0.1,3,5,3
379,1,1,0,1,1,1,1,1,0.2,0,0.25,5,10,5
380,0,1,0,0,0,0,1,0,0,30,0.1,5,10,0
381,1,1,0,0,1,1,1,0,0,30,0.1,5,5,3
382,0,0,0,0,0,0,0,0,0,0,0.1,3,10,0
383,1,1,0,0,1,0,0,0,0,30,0.25,3,5,4
384,1,1,1,1,1,1,1,1,0,30,0.1,3,5,5
385,0,1,0,0,0,0,1,0,0,30,0.25,5,10,0
386,1,1,0,0,1,0,1,1,0.2,0,0.25,5,10,3
387,1,1,1,1,1,1,1,1,0,30,0.25,3,10,4
388,1,1,0,0,1,0,0,0,0,0,0.25,3,5,1
389,1,1,1,1,1,1,1,0,0.2,30,0.25,3,10,1
390,0,0,0,0,0,0,0,0,0,30,0.1,5,5,0
391,0,0,0,0,0,0,0,0,0,0,0.1,3,10,0
392,1,1,1,1,1,1,1,0,0.2,30,0.25,3,10,1
393,0,0,0,0,0,0,0,0,0.2,30,0.1,5,5,0
394,0,1,0,0,1,0,0,0,0.2,30,0.25,3,5,0
395,1,1,0,0,1,0,0,1,0.2,0,0.1,3,5,4
396,1,1,0,1,1,1,1,1,0.2,0,0.1,5,5,4
397,0,1,0,0,0,0,0,0,0.2,30,0.25,5,10,0
398,1,1,1,1,1,1,1,1,0.2,30,0.25,3,10,5
399,0,1,0,0,0,0,0,0,0,30,0.1,3,5,0
400,0,1,0,0,1,1,0,0,0.2,30,0.25,5,5,0
401,1,1,1,0,1,0,1,0,0.2,30,0.25,3,10,1
402,1,1,0,0,0,0,0,1,0.2,0,0.1,5,10,3
403,1,1,0,0,0,0,0,1,0.2,0,0.25,5,10,2
404,1,1,1,1,1,1,1,1,0,30,0.25,3,10,5
405,1,0,0,0,0,0,0,0,0,0,0.1,3,5,1
406,1,0,1,1,1,1,1,1,0,0,0.25,5,10,3
407,1,0,0,0,0,1,1,1,0.2,0,0.1,3,10,2
408,1,1,0,0,0,0,0,1,0.2,0,0.1,5,10,3
409,0,1,0,0,1,0,1,0,0,30,0.1,5,10,0
410,1,1,1,1,1,0,1,1,0.2,30,0.25,3,5,5
411,0,0,0,0,0,0,0,0,0,0,0.25,5,10,0
412,0,1,0,0,0,1,1,0,0,30,0.1,5,10,0
413,1,0,0,0,0,0,1,0,0.2,0,0.1,5,10,2
414,0,0,0,0,0,0,0,0,0,0,0.25,5,10,0
415,0,1,0,1,1,1,1,0,0,30,0.1,3,10,0
416,1,1,1,1,1,1,1,1,0.2,0,0.25,3,10,5
417,1,1,0,1,1,1,1,1,0.2,30,0.1,5,5,5
418,0,0,0,0,0,0,0,0,0.2,0,0.25,5,10,0
419,0,0,0,0,0,0,0,0,0.2,30,0.1,3,5,0
420,0,0,0,0,0,0,0,0,0.2,0,0.25,5,10,0
421,0,0,0,0,0,0,0,0,0,0,0.1,3,5,0
422,1,1,0,1,1,1,1,1,0.2,30,0.25,5,5,5
423,0,0,1,0,0,0,0,0,0.2,0,0.25,3,5,0
424,0,0,0,0,0,0,0,0,0.2,0,0.25,3,10,0
425,1,1,0,0,1,0,0,1,0.2,0,0.1,3,5,5
426,1,1,1,1,1,0,1,1,0,30,0.25,5,5,4
427,1,1,0,0,1,1,1,1,0.2,0,0.1,3,10,2
428,0,1,1,0,1,0,0,0,0,30,0.1,3,5,0
429,0,0,0,0,0,0,0,0,0,0,0.1,5,10,0
430,1,1,1,0,0,0,0,0,0,0,0.25,5,10,1
431,1,1,0,1,1,1,1,1,0.2,30,0.1,3,5,5
432,0,0,0,0,0,1,1,1,0.2,0,0.1,5,5,0
433,0,0,0,0,0,0,0,0,0.2,0,0.25,5,5,0
434,1,1,1,0,1,0,0,1,0,0,0.25,3,5,4
435,0,1,0,0,0,0,0,0,0,30,0.1,3,5,0
436,0,0,0,0,0,0,0,0,0.2,0,0.1,5,10,0
437,0,1,0,0,1,0,1,0,0,30,0.1,3,5,0
438,1,1,1,0,1,0,0,1,0.2,0,0.25,5,5,4
439,1,1,0,0,1,0,1,1,0.2,0,0.1,5,10,5
440,1,1,1,0,1,1,1,1,0.2,30,0.25,5,5,2
441,1,1,1,0,1,1,1,1,0,30,0.25,5,5,4
442,1,1,1,1,1,1,1,1,0,0,0.25,5,5,4
443,0,0,0,0,0,0,0,0,0.2,0,0.1,5,5,0
444,1,1,1,1,1,1,1,1,0,0,0.1,3,5,4
445,1,1,0,1,1,1,1,1,0,30,0.25,5,10,4
446,1,1,1,1,1,1,1,1,0,0,0.25,5,5,5
447,0,1,0,0,1,0,0,0,0,30,0.25,3,10,0
448,1,1,0,0,1,0,1,1,0.2,0,0.25,5,10,2
449,0,1,0,0,0,0,0,0,0.2,30,0.1,3,10,0
450,1,1,0,1,1,1,1,1,0,30,0.1,5,10,3
451,0,1,0,0,0,0,0,0,0,30,0.1,3,5,0
452,1,1,1,1,1,1,1,1,0,0,0.25,5,10,5
453,1,0,0,0,0,0,0,1,0.2,0,0.1,5,5,4
454,0,0,0,0,0,0,0,0,0,30,0.1,3,10,0
455,1,1,0,1,1,1,1,1,0.2,0,0.1,5,10,4
456,1,1,0,1,1,1,1,1,0.2,0,0.25,3,5,4
457,1,1,1,1,1,1,1,1,0,30,0.1,5,5,5
458,0,0,0,0,0,0,0,0,0,0,0.25,5,10,0
459,1,1,0,1,1,1,1,1,0,30,0.25,5,10,5
460,0,1,0,0,1,1,1,0,0,30,0.1,3,10,0
461,1,1,1,1,1,1,1,1,0,0,0.25,3,5,3
462,1,1,0,0,1,1,1,1,0.2,30,0.25,5,10,4
463,0,1,1,0,1,0,0,0,0.2,30,0.25,3,10,0
464,1,1,0,0,1,0,0,1,0,30,0.1,3,5,2
465,1,0,0,0,0,0,0,0,0,0,0.1,3,5,2
466,1,1,1,1,1,1,1,1,0,30,0.25,5,5,4
467,1,1,0,0,0,1,1,1,0.2,0,0.1,3,10,3
468,1,1,1,1,1,0,0,1,0,0,0.25,3,5,5
469,0,0,0,0,0,0,1,0,0.2,0,0.1,5,5,0
470,0,0,0,0,0,0,0,0,0.2,30,0.1,3,10,0
471,1,1,0,0,1,0,0,0,0,0,0.25,3,5,4
472,0,0,0,0,0,0,0,0,0.2,30,0.1,5,10,0
473,0,1,0,0,0,0,0,0,0,30,0.1,5,5,0
474,0,0,0,0,0,0,0,0,0,0,0.1,5,10,0
475,0,1,0,0,1,0,1,0,0.2,30,0.1,3,10,0
476,0,0,0,0,0,0,0,0,0,0,0.1,3,5,0
477,0,0,1,0,0,0,0,0,0,0,0.25,3,5,0
478,1,1,0,0,1,1,1,1,0.2,0,0.25,5,10,5
479,0,1,0,0,0,0,1,0,0,30,0.1,3,10,0
480,1,1,1,0,1,1,1,1,0,0,0.1,3,10,5
481,1,1,0,0,1,0,0,1,0.2,30,0.25,3,5,3
482,1,1,0,0,1,1,1,1,0.2,30,0.25,5,10,5
483,1,0,0,0,0,0,0,0,0,0,0.25,3,10,2
484,1,0,1,1,1,1,1,1,0,0,0.25,3,10,5
485,1,1,1,1,1,1,1,1,0.2,30,0.1,3,5,4
486,1,1,0,0,1,0,0,0,0.2,0,0.25,3,5,1
487,0,0,0,0,0,0,0,0,0.2,0,0.1,3,5,0
488,0,0,0,0,0,0,0,0,0,0,0.1,3,10,0
489,0,1,0,0,1,0,0,0,0,30,0.1,5,5,0
490,1,1,0,0,1,0,0,0,0,0,0.25,3,5,1
491,1,1,0,0,0,0,0,1,0,30,0.25,3,5,5
492,0,0,0,0,0,0,0,0,0.2,0,0.25,3,10,0
493,1,1,1,1,1,1,1,1,0,0,0.25,3,10,4
494,0,0,0,0,0,0,0,0,0.2,0,0.1,5,5,0
495,1,1,1,0,1,0,0,1,0,0,0.25,5,10,2
496,0,1,0,0,0,0,1,0,0.2,30,0.25,5,10,0
497,1,1,1,0,1,0,0,1,0,0,0.1,5,10,4
498,1,1,0,0,1,1,1,1,0.2,0,0.1,3,5,3
499,0,0,0,0,0,0,0,0,0.2,0,0.1,5,5,0
500,1,1,1,0,1,1,1,0,0,30,0.1,5,5,3
501,1,1,0,0,1,1,1,1,0.2,30,0.25,5,5,3
502,1,1,0,1,1,1,1,1,0,30,0.25,5,10,5
503,1,0,0,0,0,0,0,0,0.2,0,0.25,5,10,1
504,0,1,0,0,1,1,1,0,0.2,30,0.25,5,10,0
505,1,1,1,1,1,1,1,1,0,30,0.25,5,5,1
506,0,0,0,0,0,0,0,0,0,0,0.1,5,5,0
507,0,0,0,0,0,0,0,0,0.2,0,0.25,5,10,0
508,0,0,0,0,0,0,0,0,0.2,0,0.25,3,10,0
509,1,0,1,0,0,0,0,1,0.2,0,0.25,5,5,3
510,1,1,0,1,1,1,1,0,0,30,0.25,3,5,1
511,1,1,0,0,1,0,0,1,0.2,30,0.1,5,10,1
512,0,0,0,0,0,0,0,0,0.2,0,0.1,3,10,0
513,1,1,1,1,1,1,1,1,0.2,0,0.25,5,10,4
514,1,1,0,0,1,1,1,1,0.2,30,0.1,3,10,4
515,0,0,0,0,0,0,0,0,0.2,0,0.1,5,10,0
516,1,1,0,0,0,0,0,0,0,30,0.1,3,10,1
517,0,1,0,0,1,0,0,0,0.2,0,0.25,5,10,0
518,1,1,1,0,1,1,1,1,0.2,30,0.25,5,5,4
519,0,0,0,0,0,0,0,0,0,0,0.1,5,5,0
520,0,1,0,0,0,1,1,0,0.2,30,0.25,3,5,0
521,1,1,1,1,1,1,1,1,0.2,30,0.1,3,5,5
522,0,1,0,0,1,1,1,0,0.2,30,0.1,5,10,0
523,0,0,0,0,0,0,0,0,0,30,0.1,3,10,0
524,1,0,0,0,0,0,0,0,0.2,0,0.25,3,10,1
525,1,1,1,0,1,1,1,1,0,0,0.25,5,5,3
526,1,1,0,0,1,1,1,0,0,30,0.25,3,10,1
527,1,1,0,0,1,0,1,0,0,30,0.25,5,10,1
528,1,1,1,1,1,1,1,1,0,0,0.25,3,10,2
529,1,1,0,0,0,0,0,1,0,0,0.25,5,5,1
530,1,0,0,0,0,0,0,0,0.2,0,0.25,5,10,1
531,0,0,0,0,0,0,0,0,0,0,0.25,3,10,0
532,0,1,0,0,1,0,0,1,0.2,30,0.1,5,5,0
533,0,0,0,0,0,0,0,0,0,0,0.1,5,5,0
534,0,1,0,0,0,0,0,0,0.2,30,0.25,5,10,0
535,1,0,0,0,0,0,0,0,0,0,0.1,5,5,1
536,1,1,1,1,1,1,1,1,0,30,0.25,5,5,3
537,1,0,0,0,0,0,1,1,0,0,0.1,5,10,2
538,0,1,0,0,1,0,0,1,0.2,30,0.1,3,5,0
539,1,1,1,1,1,0,0,1,0.2,0,0.25,3,10,2
540,1,1,0,0,1,1,1,1,0,0,0.1,3,10,2
541,1,1,0,0,0,0,0,1,0,0,0.25,5,5,3
542,1,1,1,0,1,1,1,1,0.2,0,0.25,5,5,3
543,0,1,0,0,1,0,0,0,0.2,30,0.1,3,10,0
544,1,1,1,1,1,1,1,1,0,30,0.1,5,5,5
545,1,1,0,0,1,1,1,1,0,0,0.1,5,10,4
546,1,0,0,0,1,0,0,0,0,0,0.25,3,5,2
547,0,0,0,0,0,0,0,0,0.2,0,0.25,3,5,0
548,1,0,0,0,1,1,1,1,0,0,0.1,3,10,3
549,0,0,0,0,0,0,0,0,0.2,0,0.1,3,5,0
550,1,1,0,0,0,0,0,1,0.2,0,0.1,3,10,3
551,0,1,1,1,1,1,1,0,0,30,0.25,5,10,0
552,1,1,0,0,1,1,1,1,0.2,0,0.1,3,10,3
553,0,0,0,0,0,0,0,0,0.2,0,0.1,3,5,0
554,0,1,0,0,0,0,0,0,0.2,30,0.1,3,5,0
555,1,1,1,0,1,1,1,1,0.2,30,0.1,3,10,4
556,0,0,0,0,0,0,1,0,0,0,0.1,3,10,0
557,0,0,0,0,0,0,0,0,0.2,0,0.1,5,5,0
558,1,1,1,1,1,1,1,1,0.2,30,0.1,5,5,3
559,1,1,1,1,1,1,1,1,0,30,0.25,3,10,3
560,1,1,0,0,1,0,0,1,0.2,30,0.25,5,5,2
561,0,0,0,0,0,0,0,0,0.2,0,0.25,5,10,0
562,1,1,0,0,1,1,1,1,0,30,0.1,5,10,5
563,0,1,0,0,0,0,0,1,0.2,30,0.1,3,5,0
564,0,1,0,0,1,0,0,0,0,30,0.25,3,5,0
565,0,0,0,0,0,0,0,0,0.2,0,0.25,5,5,0
566,0,0,1,1,1,1,1,0,0.2,30,0.25,5,10,0
567,0,0,0,0,0,0,0,0,0,0,0.25,5,5,0
568,1,1,0,0,1,1,1,0,0.2,30,0.1,3,10,1
569,1,1,0,0,0,0,0,1,0,0,0.1,5,10,4
570,1,1,1,1,1,0,0,1,0.2,0,0.25,3,10,3
571,1,0,0,0,0,0,0,0,0.2,0,0.25,3,10,1
572,1,1,1,0,1,0,1,1,0,0,0.1,5,5,5
573,1,1,0,0,1,1,1,1,0.2,30,0.1,5,5,5
574,1,1,0,0,0,1,1,1,0,0,0.1,3,5,3
575,1,1,1,1,1,1,1,1,0,0,0.25,5,5,5
576,1,1,1,1,1,1,1,1,0.2,0,0.25,3,5,3
577,1,0,0,0,0,0,0,0,0.2,0,0.1,5,5,1
578,0,0,0,0,0,0,0,0,0,0,0.25,5,10,0
579,1,0,0,0,0,0,0,0,0,0,0.1,3,5,1
580,0,0,0,0,0,0,0,0,0.2,0,0.25,3,10,0
581,1,1,0,0,0,0,0,0,0.2,30,0.1,3,10,3
582,0,1,1,0,1,1,1,0,0,30,0.25,3,10,0
583,0,0,0,0,0,0,0,0,0,0,0.25,5,10,0
584,1,1,1,1,1,1,1,1,0.2,30,0.25,3,5,5
585,1,0,0,0,0,0,0,0,0,0,0.1,3,5,1
586,1,0,0,0,0,0,1,1,0.2,0,0.1,3,5,4
587,0,1,0,0,0,0,0,0,0,30,0.1,5,10,0
588,1,1,1,1,1,1,1,1,0,0,0.1,3,10,5
589,1,0,0,0,0,0,1,0,0,0,0.1,3,5,2
590,0,0,0,0,0,0,0,0,0,30,0.25,5,5,0
591,0,0,0,0,0,0,0,0,0,0,0.1,5,10,0
592,0,0,0,0,0,0,0,0,0.2,0,0.1,5,10,0
593,1,1,0,0,0,0,0,1,0.2,30,0.25,3,5,2
594,1,1,1,1,1,1,1,1,0,30,0.1,5,5,4
595,1,1,1,1,1,1,1,1,0.2,30,0.25,3,10,2
596,0,0,0,0,0,0,0,0,0,0,0.25,3,5,0
597,1,1,1,1,1,1,1,1,0.2,0,0.1,5,5,5
598,1,0,1,1,1,1,1,1,0.2,0,0.1,3,5,3
599,1,0,0,1,0,0,0,1,0,0,0.1,5,10,3
600,0,1,0,0,0,0,0,0,0.2,30,0.25,5,10,0
601,1,0,1,0,1,1,1,1,0,0,0.25,5,5,2
602,0,1,1,0,1,0,0,1,0,30,0.25,5,10,0
603,0,0,0,0,0,0,0,0,0.2,0,0.25,3,5,0
604,0,0,0,0,0,0,0,0,0.2,0,0.25,5,5,0
605,0,0,0,0,0,0,0,0,0.2,0,0.25,3,10,0
606,1,1,1,1,1,1,1,1,0.2,30,0.25,3,5,4
607,0,1,0,0,0,0,0,0,0.2,30,0.1,3,5,0
608,1,1,1,1,1,1,1,1,0.2,30,0.25,3,5,4
609,0,0,0,0,0,0,0,0,0,30,0.25,5,5,0
610,0,0,0,0,0,0,0,0,0,0,0.1,5,10,0
611,0,0,0,0,0,0,0,0,0,0,0.25,5,5,0
612,0,1,0,0,0,0,0,0,0.2,30,0.1,3,10,0
613,0,0,0,0,0,0,0,0,0,0,0.25,3,5,0
614,0,1,0,0,0,0,0,0,0,30,0.25,5,10,0
615,0,0,0,0,0,0,0,0,0.2,0,0.1,5,10,0
616,0,0,0,0,0,0,0,0,0,0,0.1,3,10,0
617,1,1,1,1,1,1,1,1,0,30,0.25,5,5,5
618,1,1,0,0,1,0,0,1,0.2,0,0.25,5,5,5
619,1,1,0,0,0,0,0,0,0.2,30,0.1,3,10,1
620,1,1,1,1,1,1,1,1,0.2,30,0.25,5,5,4
621,0,1,0,0,0,0,1,0,0.2,30,0.25,5,10,0
622,0,1,0,0,1,0,1,1,0,30,0.1,5,5,0
623,1,1,1,1,1,1,1,1,0,0,0.1,3,5,5
624,0,1,0,0,0,0,0,0,0,30,0.25,3,10,0
625,1,1,1,1,1,0,0,1,0.2,0,0.25,3,5,1
626,1,1,0,1,0,1,1,1,0,0,0.25,5,10,3
627,1,1,0,0,0,0,0,1,0,0,0.1,5,10,1
628,1,0,0,0,0,0,0,1,0,0,0.1,3,10,1
629,1,1,1,1,1,1,0,1,0.2,0,0.25,5,5,5
630,0,0,0,0,0,0,0,0,0.2,0,0.25,5,10,0
631,0,0,0,0,0,0,0,0,0.2,30,0.1,5,10,0
632,1,1,1,1,1,1,1,1,0,0,0.25,5,5,2
633,1,0,0,0,0,0,0,0,0,0,0.25,5,10,1
634,1,1,1,1,1,0,1,1,0.2,30,0.1,3,10,2
635,1,0,0,0,0,0,0,0,0,30,0.1,5,10,1
636,0,0,0,0,0,0,0,0,0,0,0.1,3,10,0
637,1,1,0,0,0,1,1,0,0.2,30,0.25,5,10,4
638,1,1,0,0,0,1,1,0,0,30,0.1,3,10,2
639,1,1,1,1,1,1,1,1,0.2,30,0.25,3,10,2
640,0,1,0,0,1,0,0,1,0.2,30,0.1,3,5,0
641,1,1,1,1,1,1,1,1,0.2,0,0.25,5,5,4
642,0,0,0,0,0,0,0,0,0,0,0.1,5,10,0
643,1,0,0,0,0,0,0,0,0,0,0.25,5,5,1
644,1,1,0,0,1,0,1,1,0,30,0.1,3,5,3
645,1,1,0,0,0,0,1,1,0.2,0,0.1,5,5,3
646,1,1,0,0,0,1,1,0,0,30,0.1,3,10,1
647,1,1,1,1,1,1,1,1,0,30,0.25,3,5,2
648,0,0,0,0,0,0,0,0,0,0,0.1,5,10,0
649,0,0,0,0,0,0,0,0,0.2,0,0.25,3,5,0
650,1,1,1,1,1,1,1,1,0.2,0,0.25,3,5,2
651,1,1,1,1,1,1,1,1,0,0,0.1,3,5,3
652,1,1,0,1,1,1,1,1,0.2,0,0.25,3,5,4
653,1,0,1,0,0,0,0,0,0.2,0,0.1,3,5,1
654,1,1,0,0,0,1,1,0,0,30,0.1,3,5,1
655,1,0,0,0,0,0,0,0,0.2,0,0.1,3,5,1
656,1,1,0,0,1,1,1,1,0.2,0,0.1,3,5,5
657,1,1,0,0,1,0,1,1,0.2,0,0.1,5,5,3
658,1,1,0,1,1,1,1,1,0.2,30,0.25,5,5,5
659,1,0,1,0,0,0,0,1,0.2,0,0.1,3,10,2
660,0,0,0,0,0,0,0,0,0.2,0,0.1,5,5,0
661,1,1,0,0,1,1,1,1,0,30,0.25,5,5,3
662,1,1,0,0,1,1,1,1,0,30,0.1,5,5,3
663,0,1,1,0,1,1,1,0,0,30,0.1,3,5,0
664,1,1,0,0,1,0,0,0,0.2,30,0.25,5,5,1
665,1,1,0,0,1,1,1,1,0,0,0.1,5,5,3
666,0,1,0,0,0,0,0,0,0.2,30,0.25,3,5,0
667,1,1,0,0,1,0,0,1,0,30,0.1,3,10,4
668,1,1,1,1,1,1,1,1,0,0,0.25,3,5,3
669,0,1,0,0,1,1,1,0,0,30,0.1,5,5,0
670,0,0,0,0,0,0,0,0,0,0,0.1,5,10,0
671,1,1,0,0,1,0,1,0,0.2,0,0.25,3,5,3
672,1,1,0,0,0,1,1,0,0.2,0,0.1,5,10,2
673,1,1,1,1,1,1,1,1,0.2,0,0.25,3,5,4
674,0,1,0,0,0,0,0,0,0.2,0,0.25,3,5,0
675,1,1,1,1,1,1,1,1,0,0,0.25,5,10,5
676,1,0,0,0,0,0,0,0,0.2,0,0.25,3,10,2
677,1,1,0,0,0,0,0,0,0.2,30,0.25,5,10,2
678,0,0,0,0,0,0,0,0,0.2,0,0.1,3,10,0
679,0,0,0,0,0,0,0,0,0,0,0.25,5,10,0
680,0,0,0,0,0,0,0,0,0,30,0.25,5,5,0
681,0,1,0,0,0,0,0,0,0.2,30,0.25,3,10,0
682,0,0,0,0,0,0,0,0,0,0,0.25,5,5,0
683,1,0,0,0,0,0,0,0,0,0,0.1,5,5,2
684,1,0,0,0,0,0,1,0,0,0,0.25,5,10,2
685,0,0,0,0,0,0,0,0,0,0,0.1,3,10,0
686,1,1,0,0,0,0,0,0,0,30,0.25,5,10,1
687,1,1,0,0,0,0,1,0,0.2,30,0.25,5,10,2
688,1,1,1,1,1,1,1,1,0.2,30,0.25,5,5,1
689,0,0,0,0,0,0,0,0,0.2,0,0.25,5,5,0
690,0,0,0,0,0,0,0,0,0.2,30,0.1,3,5,0
691,1,1,1,1,1,1,1,1,0.2,0,0.1,5,5,4
692,0,1,0,0,0,0,0,0,0,30,0.1,3,10,0
693,1,0,1,1,1,0,0,1,0.2,0,0.25,3,5,1
694,0,0,0,0,0,0,0,0,0,0,0.1,5,5,0
695,1,0,0,0,0,0,0,0,0,0,0.1,5,10,1
696,1,1,0,0,1,1,1,1,0,30,0.25,5,5,3
697,1,1,1,0,0,0,0,1,0,30,0.1,5,10,4
698,1,1,1,1,1,1,1,1,0.2,0,0.25,3,10,4
699,1,0,0,0,0,0,0,0,0.2,0,0.25,5,5,1
700,0,0,0,0,0,0,0,0,0.2,0,0.1,5,10,0
701,1,1,1,1,1,1,1,1,0.2,0,0.25,3,5,5
702,1,0,0,0,0,0,0,1,0.2,0,0.1,3,10,1
703,1,1,1,1,1,0,0,1,0,0,0.1,3,5,3
704,1,1,1,1,1,1,1,1,0,0,0.1,3,10,5
705,0,1,0,0,0,0,0,0,0.2,30,0.1,5,10,0
706,1,1,0,0,1,0,0,1,0.2,30,0.1,5,5,1
707,0,0,0,0,0,0,0,0,0,0,0.25,5,10,0
708,0,0,0,0,0,0,0,0,0.2,30,0.25,5,5,0
709,0,0,0,0,0,0,0,0,0,0,0.1,3,10,0
710,0,1,0,0,0,0,0,0,0,30,0.1,5,10,0
711,1,1,1,1,1,1,1,1,0,30,0.1,5,10,4
712,0,0,0,0,0,0,0,0,0,0,0.25,5,10,0
713,1,1,1,1,1,1,1,1,0,0,0.1,3,10,4
714,0,0,0,0,0,0,0,0,0.2,30,0.25,3,5,0
715,0,0,0,0,0,0,0,0,0,0,0.1,3,5,0
716,1,1,1,1,1,1,1,1,0.2,0,0.25,3,5,5
717,1,0,0,0,0,0,0,0,0,0,0.25,3,10,1
718,1,1,0,1,1,0,0,1,0.2,30,0.1,3,10,5
719,1,0,0,0,0,0,0,0,0.2,0,0.1,5,5,1
720,0,1,0,0,0,0,0,0,0,30,0.1,3,5,0
721,1,1,1,1,1,1,1,1,0,30,0.25,5,10,4
722,0,1,0,0,1,1,1,1,0.2,0,0.25,5,5,0
723,1,1,0,0,1,1,1,1,0,0,0.25,5,5,5
724,1,1,0,0,0,0,0,1,0,0,0.1,3,5,4
725,1,0,0,0,0,1,1,1,0.2,0,0.1,5,10,1
726,0,0,0,0,0,1,1,0,0,30,0.25,5,5,0
727,1,1,1,0,1,1,0,1,0,30,0.25,3,5,2
728,1,1,0,0,0,0,1,0,0.2,30,0.1,5,10,1
729,1,1,0,0,0,1,1,1,0.2,30,0.1,5,10,5
730,0,0,0,0,0,0,0,0,0.2,0,0.25,5,5,0
731,0,0,0,0,0,0,0,0,0,0,0.25,3,5,0
732,1,1,1,1,1,1,1,1,0,30,0.25,5,10,5
733,0,0,0,0,0,0,0,0,0,30,0.1,3,5,0
734,1,0,1,1,1,1,1,1,0.2,30,0.25,3,10,5
735,1,0,0,0,0,1,1,1,0,0,0.1,5,10,3
736,1,1,1,0,1,1,1,1,0,30,0.1,5,5,2
737,0,0,0,0,0,0,0,0,0.2,0,0.1,5,5,0
738,1,1,1,1,1,1,1,1,0,30,0.1,5,5,4
739,1,1,1,1,1,1,1,1,0.2,30,0.25,5,5,2
740,1,1,1,1,1,1,1,1,0.2,30,0.1,3,10,5
741,0,0,0,0,0,0,0,0,0,0,0.25,3,10,0
742,1,1,1,1,1,1,1,1,0.2,30,0.1,5,5,4
743,1,1,0,1,1,0,0,1,0,30,0.25,3,5,1
744,1,1,0,0,0,1,1,1,0.2,0,0.1,3,10,2
745,1,1,1,1,1,1,1,1,0.2,0,0.25,5,10,3
746,0,0,0,0,0,0,0,0,0,0,0.25,3,10,0
747,0,1,0,0,1,0,1,0,0.2,30,0.1,3,5,0
748,1,0,0,0,0,1,1,1,0.2,0,0.1,3,5,3
749,1,1,0,1,1,1,1,1,0.2,0,0.25,3,5,2
750,1,1,0,0,0,0,1,1,0.2,30,0.1,5,10,5
751,1,1,1,1,1,1,1,1,0,0,0.25,3,5,3
752,0,0,0,0,0,0,0,0,0.2,0,0.1,3,10,0
753,1,1,1,1,1,1,1,0,0.2,30,0.25,3,10,2
754,0,1,0,0,0,0,0,0,0,30,0.25,5,5,0
755,1,1,1,1,1,1,1,1,0.2,30,0.1,5,10,5
756,0,0,0,0,0,0,0,0,0,0,0.25,3,10,0
757,1,1,0,1,1,1,1,1,0.2,30,0.1,5,5,5
758,1,1,0,0,1,1,0,1,0.2,0,0.1,3,5,2
759,1,1,0,1,1,0,0,1,0.2,0,0.1,3,5,4
760,1,1,0,0,1,1,1,1,0,0,0.25,5,5,1
761,0,0,0,0,0,0,0,0,0,0,0.25,3,10,0
762,1,1,0,0,1,0,0,1,0,30,0.25,3,10,4
763,1,0,0,0,0,0,0,0,0.2,0,0.1,3,10,1
764,1,1,0,0,0,1,1,1,0,30,0.1,5,10,5
765,1,1,1,1,1,1,1,1,0.2,30,0.25,5,5,3
766,1,1,1,1,1,1,1,1,0,30,0.25,3,5,1
767,1,1,1,1,1,1,1,1,0,30,0.25,5,5,5
768,1,1,0,0,1,0,0,1,0.2,30,0.25,3,5,2
769,1,1,1,1,1,0,1,1,0.2,30,0.1,3,5,4
770,0,1,0,1,1,1,0,1,0,30,0.25,5,10,0
771,0,0,0,0,0,0,0,0,0,0,0.25,5,5,0
772,1,1,1,0,1,0,1,0,0,0,0.25,3,5,2
773,0,1,1,0,0,1,1,1,0.2,30,0.1,5,5,0
774,1,1,0,0,0,1,1,1,0,30,0.25,5,10,2
775,1,1,1,1,1,1,1,1,0.2,0,0.25,3,5,4
776,1,0,0,0,0,0,0,0,0.2,30,0.1,3,5,1
777,1,1,1,1,1,1,1,1,0,30,0.1,3,5,4
778,0,0,0,0,0,0,0,0,0.2,0,0.25,5,5,0
779,1,1,1,1,1,1,1,1,0,30,0.25,3,10,3
780,1,1,1,0,1,1,1,1,0,0,0.25,5,5,4
781,1,1,1,1,1,1,1,1,0,0,0.25,3,10,3
782,1,1,1,1,1,1,1,1,0.2,0,0.1,5,10,3
783,1,1,0,0,1,1,1,0,0.2,30,0.1,3,5,2
784,1,1,1,1,1,1,1,1,0.2,0,0.25,5,10,2
785,1,1,1,1,1,0,0,1,0.2,0,0.25,3,5,2
786,1,0,0,0,0,1,1,1,0.2,0,0.1,5,10,1
787,0,1,1,1,1,1,0,1,0.2,30,0.25,3,10,0
788,0,0,0,0,0,0,0,0,0,0,0.1,3,5,0
789,0,1,0,0,0,0,0,0,0.2,30,0.25,5,10,0
790,1,0,0,0,0,1,1,1,0,0,0.1,3,10,3
791,1,1,1,0,1,0,1,1,0,30,0.1,3,5,3
792,1,1,0,0,0,1,1,1,0,0,0.1,5,5,4
793,1,1,0,1,1,1,1,1,0,0,0.1,5,10,5
794,1,1,1,1,1,1,1,1,0,0,0.1,3,5,4
795,0,0,0,0,0,0,0,0,0.2,0,0.1,3,5,0
796,1,1,1,1,1,0,1,1,0.2,30,0.1,5,5,3
797,0,0,0,0,0,0,0,0,0,0,0.25,3,10,0
798,1,1,1,1,1,1,1,1,0,0,0.25,5,10,4
799,0,1,0,0,0,0,0,0,0.2,30,0.25,3,5,0
800,0,1,0,0,1,0,0,0,0,30,0.25,5,5,0
801,0,0,0,0,0,0,0,0,0.2,30,0.25,5,5,0
802,1,1,1,1,1,1,1,1,0,30,0.25,3,10,2
803,1,0,0,0,0,0,0,0,0.2,0,0.1,3,5,2
804,1,1,0,0,0,0,0,0,0,30,0.25,3,10,1
805,0,1,0,0,1,0,0,1,0.2,30,0.25,5,10,0
806,0,0,0,0,0,0,0,0,0.2,0,0.1,3,10,0
807,1,1,1,1,1,1,1,1,0,30,0.25,5,10,3
808,0,0,0,0,0,0,0,0,0,0,0.25,5,5,0
809,0,1,0,0,1,0,0,1,0,30,0.25,3,5,0
810,1,1,1,1,1,1,1,1,0.2,30,0.25,5,5,4
811,1,1,0,1,1,1,1,1,0.2,0,0.1,3,10,4
812,1,0,0,0,0,0,1,0,0,0,0.25,5,10,1
813,0,0,0,0,0,0,0,0,0.2,30,0.1,3,5,0
814,1,1,0,0,1,0,0,1,0.2,30,0.25,3,10,3
815,1,1,1,0,1,1,1,1,0.2,0,0.25,5,5,1
816,0,1,0,0,0,1,1,0,0,0,0.1,5,10,0
817,0,1,1,1,1,1,1,1,0,30,0.25,3,5,0
818,1,1,0,0,1,0,1,0,0,30,0.1,5,5,1
819,1,1,1,1,1,1,1,1,0,0,0.25,5,5,5
820,1,1,1,1,1,1,1,1,0.2,0,0.25,5,10,5
821,1,1,0,0,1,0,0,1,0.2,30,0.25,3,5,1
822,0,0,0,0,0,0,0,0,0.2,0,0.1,5,10,0
823,0,0,0,0,0,0,0,0,0,30,0.25,3,5,0
824,0,0,0,0,0,0,0,0,0,0,0.1,5,5,0
825,0,1,0,0,0,0,0,0,0.2,30,0.25,3,5,0
826,1,0,0,0,0,1,1,1,0.2,0,0.1,5,10,2
827,1,0,0,0,0,0,0,0,0.2,0,0.1,5,10,1
828,1,1,0,1,1,0,0,1,0,0,0.1,3,10,3
829,0,1,0,0,1,1,0,1,0,30,0.25,5,10,0
830,1,1,1,1,1,1,1,1,0.2,30,0.1,5,10,2
831,1,1,1,1,1,0,1,1,0,30,0.25,3,5,2
832,0,1,0,0,0,0,0,0,0.2,30,0.25,5,5,0
833,1,1,0,0,1,1,1,0,0,30,0.1,3,10,1
834,0,1,0,0,0,0,0,0,0,30,0.25,3,10,0
835,1,0,0,0,0,0,0,0,0,0,0.1,3,10,1
836,1,1,0,1,1,1,1,1,0,0,0.25,3,10,3
837,0,0,0,0,0,0,0,0,0.2,30,0.1,5,5,0
838,1,1,1,0,1,1,1,1,0.2,0,0.25,3,10,3
839,0,0,0,0,0,0,0,0,0.2,0,0.1,3,5,0
840,1,1,0,0,1,1,1,1,0.2,30,0.1,5,10,3
841,1,1,0,0,1,1,1,1,0.2,30,0.25,5,5,5
842,1,1,0,0,1,0,0,1,0,30,0.1,3,5,4
843,1,0,0,0,1,0,0,0,0.2,0,0.25,5,5,2
844,1,1,0,0,1,1,1,0,0,0,0.1,3,10,2
845,1,1,1,1,1,1,1,1,0,0,0.25,5,10,3
846,1,1,1,1,1,1,1,1,0,30,0.25,3,5,4
847,0,0,1,0,0,0,0,0,0.2,0,0.25,3,5,0
848,1,1,0,1,1,1,1,1,0.2,0,0.1,5,5,3
849,0,0,1,0,0,0,0,0,0.2,0,0.1,5,5,0
850,1,1,0,1,1,1,1,1,0.2,30,0.25,3,5,4
851,1,0,0,0,0,0,0,0,0,0,0.1,3,5,1
852,0,0,0,0,0,0,0,0,0.2,30,0.1,3,5,0
853,1,1,1,1,1,1,1,1,0.2,30,0.25,3,5,3
854,1,1,1,0,1,1,0,0,0.2,30,0.25,3,5,2
855,0,1,0,0,1,0,0,1,0.2,30,0.1,3,5,0
856,0,0,0,0,0,0,0,0,0,0,0.25,5,5,0
857,1,1,0,1,1,0,0,1,0.2,30,0.1,5,10,1
858,1,1,1,1,1,1,1,1,0.2,0,0.25,5,5,3
859,1,0,0,0,0,0,0,0,0.2,0,0.1,3,5,1
860,1,1,0,0,0,0,0,1,0,30,0.25,3,5,5
861,0,1,0,0,0,0,0,0,0.2,30,0.1,3,10,0
862,1,1,1,1,1,1,1,1,0,30,0.25,3,10,5
863,1,1,0,0,0,0,1,1,0.2,30,0.1,3,5,4
864,1,1,1,1,1,1,1,1,0.2,30,0.25,3,10,5
865,0,0,0,0,0,0,0,0,0.2,30,0.1,5,5,0
866,1,1,1,1,1,0,0,1,0.2,0,0.25,3,10,3
867,0,0,0,0,0,0,0,0,0.2,0,0.1,3,10,0
868,1,1,0,1,1,1,1,0,0,30,0.25,5,10,1
869,0,1,0,0,0,0,0,0,0,30,0.25,5,5,0
870,0,0,0,0,0,0,0,0,0.2,0,0.25,5,10,0
871,1,1,1,1,1,1,1,1,0.2,0,0.1,5,5,5
872,1,1,1,1,1,1,1,1,0.2,30,0.1,5,5,5
873,1,1,1,1,1,1,1,1,0,30,0.1,5,10,3
874,1,1,0,1,1,1,1,1,0,0,0.1,5,5,5
875,1,1,1,1,1,1,1,1,0,0,0.25,5,10,3
876,0,1,0,0,0,0,0,0,0,30,0.1,3,10,0
877,1,1,1,1,1,1,1,1,0,30,0.1,5,10,4
878,1,0,0,0,0,1,1,0,0.2,0,0.25,5,5,1
879,1,1,0,0,1,1,1,1,0,30,0.25,5,5,2
880,0,0,0,0,0,0,0,0,0.2,30,0.1,5,5,0
881,1,1,1,0,1,1,1,1,0.2,0,0.25,3,5,3
882,0,0,0,0,0,0,0,0,0,0,0.25,3,5,0
883,1,1,1,1,1,1,1,1,0.2,30,0.1,3,10,3
884,0,0,0,0,0,1,1,0,0,30,0.1,5,5,0
885,1,1,1,1,1,1,1,1,0.2,30,0.1,3,10,5
886,0,0,0,0,0,0,0,0,0,0,0.1,3,5,0
887,0,1,0,0,0,0,1,0,0.2,30,0.25,5,10,0
888,1,1,1,0,1,1,1,1,0.2,30,0.1,3,10,2
889,0,0,0,0,0,0,0,0,0,0,0.25,3,10,0
890,0,1,0,0,0,0,1,0,0,0,0.25,3,10,0
891,1,1,0,0,1,0,0,0,0.2,30,0.1,5,10,3
892,1,1,1,1,1,1,1,1,0,0,0.25,3,10,4
893,0,1,0,0,0,0,0,0,0,30,0.1,5,10,0
894,1,1,1,1,1,1,1,0,0,30,0.25,3,5,3
895,1,1,0,0,0,1,1,1,0.2,30,0.25,5,10,3
896,1,1,1,1,1,1,1,1,0,0,0.1,5,5,5
897,0,1,0,0,1,0,0,0,0.2,30,0.25,5,5,0
898,1,1,1,1,1,1,1,1,0,30,0.1,5,5,5
899,0,0,0,0,0,0,1,0,0.2,0,0.1,3,10,0
900,1,1,0,0,0,0,0,0,0,30,0.1,3,10,3
901,1,1,0,0,0,0,1,0,0.2,30,0.1,5,10,2
902,0,1,0,0,0,0,0,0,0,30,0.25,3,10,0
903,1,0,0,0,0,0,0,0,0,0,0.25,5,10,1
904,0,1,1,1,1,1,1,1,0.2,30,0.25,3,5,0
905,0,1,0,1,1,1,1,0,0.2,30,0.25,3,10,0
906,0,0,0,0,0,0,0,0,0,0,0.1,3,5,0
907,1,1,0,0,1,0,0,0,0,30,0.1,5,5,2
908,0,1,0,0,0,0,1,0,0.2,30,0.1,5,10,0
909,1,1,1,1,1,0,1,1,0,0,0.25,3,5,4
910,0,0,0,0,0,0,0,0,0,0,0.25,3,5,0
911,1,1,1,1,1,1,1,1,0,30,0.25,5,10,3
912,0,1,0,0,1,1,0,1,0.2,30,0.1,5,10,0
913,0,1,1,1,1,1,1,0,0,30,0.25,3,10,0
914,0,0,0,0,0,0,0,0,0.2,30,0.25,5,5,0
915,1,0,0,0,0,0,0,1,0,30,0.1,3,5,1
916,0,0,0,0,0,0,0,0,0.2,0,0.25,3,5,0
917,1,1,0,0,1,1,1,1,0,30,0.25,3,5,1
918,1,1,0,0,1,1,1,1,0.2,0,0.25,5,10,1
919,1,1,1,0,1,1,1,1,0.2,0,0.25,3,10,3
920,1,1,1,1,1,1,1,1,0.2,30,0.25,5,5,3
921,1,1,0,1,1,0,0,1,0,0,0.1,3,10,5
922,0,0,0,0,0,0,0,0,0,0,0.1,3,10,0
923,0,1,0,0,0,0,0,0,0.2,30,0.1,5,10,0
924,1,1,1,1,1,1,1,1,0,0,0.1,3,5,5
925,1,1,1,1,1,1,1,1,0,0,0.25,5,5,3
926,0,1,1,0,1,1,1,0,0,30,0.1,3,5,0
927,0,1,0,0,0,1,1,0,0.2,30,0.1,3,10,0
928,1,0,0,0,0,0,0,1,0,0,0.1,5,10,1
929,1,1,1,1,1,1,1,1,0.2,30,0.1,5,5,4
930,1,1,0,0,0,0,0,1,0,30,0.1,5,10,2
931,1,1,0,0,0,1,1,0,0.2,30,0.1,3,10,2
932,0,1,0,0,0,0,0,0,0.2,30,0.1,5,10,0
933,0,0,0,0,0,0,0,0,0.2,0,0.1,3,10,0
934,1,1,1,1,1,1,1,1,0.2,0,0.25,5,10,4
935,1,1,1,1,1,1,1,1,0.2,0,0.25,3,5,5
936,1,1,0,0,1,1,1,1,0.2,30,0.25,5,5,1
937,0,1,0,0,0,1,0,0,0,30,0.25,5,10,0
938,1,1,0,0,0,0,0,0,0.2,30,0.1,3,10,3
939,1,1,0,0,0,0,1,0,0.2,0,0.1,3,5,1
940,1,1,1,1,1,1,1,0,0.2,30,0.25,3,5,2
941,1,0,0,0,0,0,0,1,0.2,0,0.1,5,5,1
942,0,1,0,0,0,0,0,0,0,30,0.25,3,10,0
943,0,0,0,0,0,0,0,0,0,0,0.1,5,10,0
944,0,1,1,1,1,1,1,1,0,30,0.25,3,10,0
945,1,1,0,0,1,0,1,1,0,0,0.1,5,5,3
946,1,1,0,0,1,0,0,1,0.2,0,0.1,3,10,5
947,0,0,0,0,0,0,0,0,0,0,0.1,3,5,0
948,0,0,0,0,0,0,0,0,0,30,0.25,5,10,0
949,1,1,1,1,1,1,1,1,0,30,0.1,3,5,2
950,1,1,1,1,1,1,1,1,0,30,0.1,5,5,5
951,0,0,0,0,0,0,0,0,0.2,0,0.25,3,10,0
952,0,0,0,0,0,0,0,0,0,0,0.1,5,5,0
953,0,0,0,0,0,0,0,0,0,0,0.1,5,5,0
954,0,0,0,0,0,0,0,0,0,0,0.25,3,5,0
955,1,1,1,0,1,1,1,1,0.2,30,0.25,5,5,4
956,1,1,0,1,1,1,1,1,0,0,0.25,5,5,4
957,0,0,0,0,0,0,0,0,0.2,0,0.1,3,5,0
958,1,1,1,0,0,1,1,1,0,0,0.25,5,5,2
959,1,1,0,1,1,1,1,1,0.2,30,0.25,5,5,3
960,0,1,0,0,0,0,1,0,0.2,30,0.25,5,10,0
961,1,1,0,0,1,1,1,0,0,30,0.1,3,10,2
962,0,0,0,0,0,0,0,0,0.2,0,0.25,3,5,0
963,1,1,1,0,1,1,1,1,0.2,30,0.1,5,10,4
964,1,1,0,0,1,1,1,0,0.2,30,0.1,3,10,1
965,1,1,1,0,1,0,1,0,0.2,0,0.25,5,10,3
966,0,1,0,0,1,0,0,0,0,30,0.25,5,5,0
967,0,0,0,0,0,0,0,0,0,0,0.25,5,10,0
968,1,1,1,1,1,1,1,1,0,30,0.25,3,5,3
969,0,0,0,0,0,0,0,0,0,0,0.1,5,5,0
970,1,1,1,1,1,0,0,1,0,0,0.25,5,10,5
971,1,1,1,0,1,1,1,1,0,0,0.1,5,5,4
972,1,1,0,0,1,1,1,1,0,0,0.1,5,10,3
973,1,1,1,0,1,1,1,1,0,30,0.1,3,10,3
974,0,1,1,0,1,0,0,0,0,30,0.25,3,5,0
975,1,0,0,0,0,0,0,0,0.2,0,0.25,3,10,1
976,0,1,0,0,0,0,0,0,0.2,30,0.25,3,5,0
977,1,1,0,0,1,0,0,1,0,0,0.1,3,5,5
978,1,1,0,0,0,0,1,0,0,30,0.25,3,5,3
979,1,1,0,0,1,1,1,1,0.2,0,0.1,3,10,3
980,0,1,0,0,0,0,0,0,0,30,0.25,5,5,0
981,1,1,0,0,0,0,0,0,0.2,30,0.1,5,5,2
982,1,1,1,1,1,1,1,1,0,30,0.1,3,10,5
983,1,1,1,1,1,1,1,1,0,30,0.1,3,10,5
984,0,1,1,1,1,1,1,0,0.2,30,0.25,3,10,0
985,1,1,0,0,0,0,0,0,0,30,0.1,5,5,3
986,1,1,0,0,1,1,1,1,0.2,30,0.1,3,5,3
987,0,0,0,0,0,0,0,0,0,0,0.1,3,10,0
988,1,1,0,0,0,0,0,1,0,30,0.1,3,10,5
989,1,1,1,1,1,1,1,1,0,30,0.1,3,10,4
990,1,1,0,0,1,0,0,0,0,30,0.1,3,5,1
991,1,1,0,0,1,0,1,1,0.2,30,0.1,5,5,2
992,0,1,0,0,1,1,1,0,0.2,30,0.1,5,5,0
993,1,1,1,1,1,1,1,0,0,30,0.1,3,5,2
994,1,1,1,1,1,1,1,1,0,0,0.1,5,10,5
995,1,1,0,0,1,0,0,1,0.2,0,0.25,3,10,4
996,0,1,0,0,0,0,0,0,0,30,0.1,3,10,0
997,1,1,1,0,1,1,0,1,0,30,0.1,5,10,2
998,0,1,1,1,1,1,1,0,0.2,30,0.25,3,10,0
999,0,0,0,0,0,0,0,0,0.2,0,0.1,5,10,0
1000,1,1,1,1,1,0,1,1,0,0,0.25,3,5,2
1001,0,0,0,0,0,0,0,0,0,0,0.25,5,5,0
1002,0,1,0,0,0,0,0,0,0.2,30,0.1,3,10,0
1003,1,1,1,1,1,1,1,1,0.2,0,0.1,5,10,5
1004,1,1,0,1,0,1,1,0,0,30,0.1,5,10,2
1005,0,1,0,0,0,0,0,0,0.2,0,0.25,3,5,0
1006,0,1,0,0,0,0,0,0,0,30,0.1,5,10,0
1007,1,1,0,0,0,0,0,0,0,30,0.25,5,5,1
1008,0,1,0,0,0,0,0,0,0.2,30,0.25,3,10,0
1009,1,1,0,0,1,1,1,0,0.2,30,0.25,3,5,1
1010,1,1,1,1,1,1,1,1,0.2,0,0.25,5,10,4
1011,1,1,1,1,1,1,1,1,0,0,0.25,3,10,5
1012,1,1,0,0,1,1,1,1,0,30,0.1,5,5,2
1013,1,1,1,1,1,1,1,1,0.2,0,0.25,3,10,5
1014,1,1,1,1,1,1,1,1,0,0,0.1,3,5,5
1015,1,1,0,0,1,0,0,0,0,30,0.25,5,5,1
1016,0,1,0,0,0,0,0,0,0.2,30,0.1,3,10,0
1017,1,0,0,0,0,0,0,0,0,30,0.1,5,10,1
1018,1,1,0,0,1,1,1,1,0,30,0.25,5,10,3
1019,1,1,0,0,0,0,0,1,0.2,30,0.1,3,10,1
1020,0,1,0,0,0,0,0,0,0,30,0.1,5,5,0
1021,0,0,0,0,0,0,0,0,0,0,0.25,5,5,0
1022,0,1,0,0,0,0,0,0,0,30,0.1,3,10,0
1023,1,1,0,0,0,0,0,0,0.2,30,0.1,5,5,1
1024,0,1,1,1,1,1,1,0,0,30,0.25,5,10,0
